<?xml version="1.0" encoding="UTF-8"?>
<build-type xmlns:xsi="http://www.w3.org/2001/XMLSchema-instance" uuid="41f2a7e2-bd99-440d-b27d-894b51db30ae" xsi:noNamespaceSchemaLocation="https://www.jetbrains.com/teamcity/schemas/2018.1/project-config.xsd">
  <name>Build</name>
  <description />
  <settings>
    <parameters />
    <build-runners>
      <runner id="RUNNER_1" name="build docker image" type="DockerCommand">
        <parameters>
          <param name="command.args" value="--pull" />
          <param name="docker.command.type" value="build" />
          <param name="docker.image.namesAndTags"><![CDATA[nginx-cont:%build.counter%
nginx-cont:latest]]></param>
          <param name="docker.push.remove.image" value="true" />
          <param name="dockerImage.platform" value="linux" />
          <param name="dockerfile.contextDir" value="./Docker/nginx-cont" />
          <param name="dockerfile.path" value="./Docker/nginx-cont/Dockerfile" />
          <param name="dockerfile.source" value="PATH" />
          <param name="teamcity.step.mode" value="default" />
        </parameters>
      </runner>
      <runner id="RUNNER_2" name="push image" type="DockerCommand">
        <parameters>
          <param name="docker.command.type" value="push" />
          <param name="docker.image.namesAndTags"><![CDATA[nginx-cont:%build.counter%
nginx-cont:latest]]></param>
          <param name="dockerfile.source" value="PATH" />
          <param name="teamcity.step.mode" value="default" />
        </parameters>
      </runner>
    </build-runners>
    <vcs-settings>
      <vcs-entry-ref root-id="DevOPS_HttpsGithubCom85Dimas85DevOPSGitRefsHeadsMaster" />
    </vcs-settings>
    <requirements />
    <build-triggers>
      <build-trigger id="vcsTrigger" type="vcsTrigger">
        <parameters>
          <param name="branchFilter" value="+:*" />
          <param name="enableQueueOptimization" value="true" />
          <param name="quietPeriodMode" value="DO_NOT_USE" />
        </parameters>
      </build-trigger>
    </build-triggers>
    <cleanup />
  </settings>
</build-type>

