<?xml version="1.0" encoding="UTF-8"?>
<vcs-root xmlns:xsi="http://www.w3.org/2001/XMLSchema-instance" uuid="fdeec1ac-83df-4b22-a1da-be1a2da0bf3d" type="jetbrains.git" xsi:noNamespaceSchemaLocation="https://www.jetbrains.com/teamcity/schemas/2018.1/project-config.xsd">
  <name>https://github.com/85Dimas85/DevOPS.git#refs/heads/master</name>
  <param name="agentCleanFilesPolicy" value="ALL_UNTRACKED" />
  <param name="agentCleanPolicy" value="ON_BRANCH_CHANGE" />
  <param name="authMethod" value="PASSWORD" />
  <param name="branch" value="refs/heads/l4hw" />
  <param name="ignoreKnownHosts" value="true" />
  <param name="secure:password" value="zxx9cb463ad16d5314bc8c818e968e5539d" />
  <param name="submoduleCheckout" value="CHECKOUT" />
  <param name="url" value="https://github.com/85Dimas85/DevOPS.git" />
  <param name="useAlternates" value="true" />
  <param name="username" value="85Dimas85" />
  <param name="usernameStyle" value="USERID" />
</vcs-root>

