<?xml version="1.0" encoding="UTF-8"?>
<project xmlns:xsi="http://www.w3.org/2001/XMLSchema-instance" uuid="080a78c6-3be3-4508-a7d2-7748fc1203cb" xsi:noNamespaceSchemaLocation="https://www.jetbrains.com/teamcity/schemas/2018.1/project-config.xsd">
  <name>DevOPS</name>
  <parameters />
  <project-extensions>
    <extension id="PROJECT_EXT_2" type="OAuthProvider">
      <parameters>
        <param name="displayName" value="Docker Registry" />
        <param name="providerType" value="Docker" />
        <param name="repositoryUrl" value="https://docker.io" />
        <param name="secure:userPass" value="zxx9cb463ad16d5314bc8c818e968e5539d" />
        <param name="userName" value="dnekrich" />
      </parameters>
    </extension>
  </project-extensions>
  <cleanup />
</project>

